{"cameraMode":{"drawMode":0,"name":"Shaded","section":"Shading Mode"},"sceneLighting":false,"audioPlay":false,"sceneViewState":{"showFog":true,"showMaterialUpdate":false,"showSkybox":true,"showFlares":true,"showImageEffects":true,"showParticleSystems":true},"in2DMode":false,"pivot":{"x":-1.3900556564331055,"y":-3.5328407287597658,"z":0.22452640533447267},"rotation":{"x":0.4668683707714081,"y":0.33583077788352969,"z":-0.19749771058559419,"w":0.7938838005065918},"size":18.013816833496095,"orthographic":false}