{"cameraMode":{"drawMode":0,"name":"Shaded","section":"Shading Mode"},"sceneLighting":false,"audioPlay":false,"sceneViewState":{"showFog":true,"showMaterialUpdate":false,"showSkybox":true,"showFlares":true,"showImageEffects":true,"showParticleSystems":true},"in2DMode":false,"pivot":{"x":4.686258792877197,"y":3.6833336353302,"z":-4.654577732086182},"rotation":{"x":-0.27540358901023867,"y":0.4885437786579132,"z":-0.16587135195732118,"w":-0.8111518621444702},"size":4.18211030960083,"orthographic":false}